{
  "train_mse": 2.91225160146717e-05,
  "test_mse": 2.6873251329777013e-05,
  "train_r2": 0.9986002210639201,
  "test_r2": 0.9986717319365085,
  "train_samples": 3760,
  "test_samples": 941
}